{"cameraMode":{"drawMode":0,"name":"Shaded","section":"Shading Mode"},"sceneLighting":true,"audioPlay":false,"sceneViewState":{"m_AlwaysRefresh":false,"showFog":true,"showSkybox":true,"showFlares":true,"showImageEffects":true,"showParticleSystems":true,"showVisualEffectGraphs":true,"m_FxEnabled":false},"in2DMode":false,"pivot":{"x":-0.31107616424560549,"y":0.8117604851722717,"z":57.734676361083987},"rotation":{"x":-0.0073560550808906559,"y":-0.9708777070045471,"z":0.030254941433668138,"w":-0.23729142546653748},"size":10.818129539489746,"orthographic":false}